well,n,ps,ps_frac,eval_n,lateral_ft,azimuth,tvt_eval_std,tvt_eval_range,gr_miss_pct,gr_miss_eval_pct,gr_gap_med,gr_gap_max,tw_covers_eval,carry_rmse
000d7d20,5278,1442,0.27,3836,5019,90.6,5.09,15.2,42.8,47.3,1,19,True,7.45
00bbac68,7559,1545,0.2,6014,7063,134.7,15.05,50.2,12.5,13.8,1,8,True,15.26
00e12e8b,6384,2083,0.33,4301,5749,125.6,7.89,29.6,9.1,9.7,1,8,True,7.92
015fe0d2,5950,1654,0.28,4296,5705,-53.6,12.09,38.6,25.4,32.0,1,9,True,23.15
01869cd4,6850,1293,0.19,5557,6651,-53.2,9.63,39.0,47.7,51.1,1,14,True,10.62
01982c1d,5587,1646,0.29,3941,5086,107.3,5.61,18.0,15.1,15.8,1,11,True,6.33
028d7b28,7761,1527,0.2,6234,7418,-54.4,7.17,26.2,21.8,23.3,1,7,True,7.39
02e7fe5a,6888,1780,0.26,5108,6338,89.5,5.21,24.2,58.0,63.7,2,21,True,8.41
0390d174,6101,1690,0.28,4411,5818,-69.4,8.35,31.4,48.0,49.8,1,23,True,8.52
03a935ae,4430,1644,0.37,2786,4076,153.0,16.3,53.6,4.0,4.1,1,3,True,35.05
044af7d1,6067,1548,0.26,4519,5737,-92.5,5.91,23.2,60.6,65.9,2,19,True,9.87
0498acab,6432,1634,0.25,4798,5882,-67.4,5.25,22.4,45.8,47.5,2,27,True,6.0
052d64df,4590,2145,0.47,2445,4020,129.3,7.38,24.9,25.4,27.5,1,10,True,7.4
05948241,5428,1549,0.29,3879,4892,130.4,3.88,15.0,54.8,59.9,2,17,True,5.0
059c8f24,7998,1740,0.22,6258,7476,-47.9,7.5,31.3,40.8,43.5,1,28,True,10.91
05a0ee4d,6098,1750,0.29,4348,5579,111.8,13.4,41.2,32.1,36.0,1,14,True,18.34
060ab2b8,7818,1560,0.2,6258,7264,130.4,6.05,27.1,56.7,57.5,1,17,True,9.05
06df5958,5039,1530,0.3,3509,4708,-47.7,2.95,10.8,15.7,18.9,1,4,True,3.09
071d7b45,4720,1509,0.32,3211,4577,131.0,5.01,23.8,15.6,15.4,1,6,True,17.12
0849b4e2,7436,1899,0.26,5537,6818,-84.1,11.87,43.0,22.8,25.0,1,10,True,14.57
084d66f9,5632,1747,0.31,3885,5050,-48.3,9.31,44.6,60.0,64.6,2,20,True,10.69
08fecf00,7405,1831,0.25,5574,6795,-85.6,4.37,16.0,24.3,28.2,1,10,True,4.76
09053135,7715,1808,0.23,5907,7197,-69.3,5.07,25.7,37.2,42.2,1,24,True,13.26
09441b8d,7395,1907,0.26,5488,6799,130.5,9.69,34.7,13.3,11.7,1,114,True,15.94
0955cd6c,7125,1930,0.27,5195,6656,-90.4,5.68,20.1,58.1,64.5,2,22,True,8.02
09ec2ca9,7824,1939,0.25,5885,7306,87.8,5.58,19.6,51.3,56.0,2,18,True,6.13
0a57a29c,7194,1373,0.19,5821,6903,130.7,4.06,22.3,49.6,53.0,1,18,True,6.95
0bbf5e67,6031,1733,0.29,4298,5464,-49.8,6.44,31.1,50.0,52.7,1,22,True,18.38
0be01c24,6385,1647,0.26,4738,5905,-96.7,4.8,21.0,3.8,3.5,1,2,True,8.27
0c1b160c,6714,1660,0.25,5054,6285,-48.6,7.67,27.2,51.3,52.1,2,16,True,8.43
0d99f8e4,7522,1699,0.23,5823,7221,-49.7,7.07,22.8,50.6,54.0,1,12,True,9.34
0dc5e64d,6191,1312,0.21,4879,5885,-47.0,16.22,66.0,1.1,1.1,1,2,True,18.01
0dc835f3,5279,851,0.16,4428,5224,108.6,6.53,26.2,3.6,3.3,1,4,True,7.23
0dd99dc5,9182,1840,0.2,7342,8646,119.5,7.24,29.3,47.1,47.6,1,119,True,8.23
0e5e560d,4896,1643,0.34,3253,4379,90.0,6.48,24.9,24.7,28.5,1,16,True,10.29
109d9d70,5851,1636,0.28,4215,5495,131.0,7.8,34.4,37.2,41.3,1,18,True,9.37
10a1281a,7353,1744,0.24,5609,6874,130.6,2.57,9.9,4.8,4.3,1,52,True,3.59
10b89021,7166,1752,0.24,5414,6543,98.5,4.84,18.9,50.6,57.3,2,48,True,14.72
10be2420,5203,1932,0.37,3271,4683,130.1,6.46,21.9,46.9,51.7,2,23,True,13.26
113011eb,4561,1289,0.28,3272,4380,-53.3,5.08,20.6,47.8,50.3,1,13,True,5.18
1131525f,5548,1389,0.25,4159,5248,-47.4,7.06,23.0,31.5,35.4,1,10,True,14.67
11d0f5ac,6378,1495,0.23,4883,6116,134.6,11.03,28.8,37.3,40.4,1,12,True,22.17
12203f2a,4991,1730,0.35,3261,4451,104.6,6.48,20.9,25.9,29.1,1,6,True,13.76
122bd617,6408,1838,0.29,4570,5804,130.6,10.35,40.2,29.3,30.5,1,53,True,11.67
125be846,8033,1523,0.19,6510,7668,131.1,7.2,27.0,24.1,27.6,1,9,True,18.44
1285a37b,7403,1806,0.24,5597,6890,118.7,2.21,10.7,3.8,4.2,1,4,True,5.55
1295a25b,7037,1486,0.21,5551,6678,-53.4,8.14,32.2,41.0,44.6,1,15,True,9.72
12f0cd90,7431,1484,0.2,5947,7121,-73.2,7.89,35.2,26.0,29.1,1,24,True,7.9
137d1e44,6313,1759,0.28,4554,5703,128.1,18.82,53.0,43.7,48.6,2,16,True,25.01
13ce113d,4875,1909,0.39,2966,4197,115.6,3.34,14.4,18.9,19.1,1,28,True,3.38
13f598d9,8934,1628,0.18,7306,8526,120.4,5.83,25.9,53.4,55.6,1,167,True,15.17
14a53cb3,8780,1861,0.21,6919,8218,130.4,4.61,20.4,12.9,13.1,1,11,True,8.95
14ab73fb,5279,1630,0.31,3649,4899,39.0,7.07,30.3,40.0,41.0,1,11,True,14.82
14ad5efb,7352,1510,0.21,5842,7016,-72.6,6.21,25.2,17.3,20.4,1,19,True,6.3
14fee784,6406,1496,0.23,4910,6132,109.3,16.88,52.2,55.2,60.0,1,25,True,21.42
153552f5,6498,1803,0.28,4695,5947,126.1,4.55,17.0,18.8,20.8,1,9,True,5.16
1550491d,5929,1366,0.23,4563,5766,86.8,7.46,30.4,3.8,3.7,1,2,True,21.17
155887bb,7062,1477,0.21,5585,6389,138.8,8.11,35.2,24.9,27.1,1,157,True,11.79
1590af81,5231,1432,0.27,3799,5014,110.8,5.16,19.2,17.3,20.8,1,4,True,5.56
15e154a1,7699,1631,0.21,6068,7183,-50.9,7.3,37.0,47.8,48.6,1,11,True,23.23
1619e2ca,6002,1559,0.26,4443,5511,-68.3,7.28,29.1,36.1,39.7,1,12,True,7.81
16e4a047,5684,1553,0.27,4131,5193,113.0,2.68,14.6,55.2,57.3,1,16,True,10.72
173ed841,6530,1647,0.25,4883,6004,125.8,10.8,45.3,36.0,39.0,1,13,True,17.58
1770d7c6,9121,1881,0.21,7240,8710,111.1,8.63,29.4,4.5,4.6,1,3,True,12.33
177622d7,4699,1545,0.33,3154,4374,132.4,6.61,19.5,47.3,56.3,2,19,True,9.8
18d24f7b,6260,1702,0.27,4558,5887,131.2,5.85,19.6,12.1,13.1,1,10,True,7.53
19137a89,7958,1691,0.21,6267,7394,-91.3,9.97,41.0,8.2,5.7,1,205,True,18.12
1944513c,6599,1877,0.28,4722,5966,87.0,4.1,17.8,7.6,3.7,1,255,True,5.74
197f8a5a,8248,1938,0.23,6310,7599,128.2,13.71,52.2,51.8,52.2,1,16,True,24.62
19871e7f,7152,1859,0.26,5293,6744,126.7,5.19,17.3,14.1,14.4,1,29,True,5.35
198a5607,8094,1843,0.23,6251,7484,131.5,7.21,23.9,25.0,26.9,1,8,True,9.94
19fb4f7b,7923,2303,0.29,5620,7124,119.3,10.25,33.8,3.8,4.3,1,2,True,11.09
1a518997,6544,1938,0.3,4606,5991,-47.5,2.38,14.7,36.6,40.7,1,40,True,10.76
1a68190b,6502,2028,0.31,4474,5915,-75.5,9.19,32.0,23.6,27.6,1,18,True,16.43
1a730ac2,6049,1444,0.24,4605,5863,-68.4,7.1,29.2,29.7,29.9,1,19,True,16.35
1aaf1da0,6321,1517,0.24,4804,5835,109.1,5.63,18.3,23.7,26.7,1,7,True,9.29
1b08ed48,7175,1557,0.22,5618,6860,91.1,6.01,21.3,54.9,58.0,2,19,True,11.84
1b1c5372,5792,1531,0.26,4261,5499,-70.6,14.3,46.1,25.7,30.3,1,10,True,17.83
1b1eba53,6710,2055,0.31,4655,6057,-41.3,25.36,98.9,14.0,16.3,1,7,True,70.64
1b6ba517,8611,2014,0.23,6597,7954,125.7,3.77,18.5,42.0,42.4,1,11,True,7.82
1b82b665,5364,1558,0.29,3806,4844,-69.6,5.83,18.4,10.0,6.5,1,202,True,6.11
1bcb2fcf,6202,1678,0.27,4524,5692,110.6,4.32,22.4,7.3,6.6,1,7,True,6.21
1beca81d,6650,1614,0.24,5036,6142,-59.9,7.26,25.3,44.7,47.9,1,11,True,8.15
1d3fbf02,4252,1558,0.37,2694,4056,-89.0,4.74,15.2,33.1,35.9,1,9,True,5.91
1d78281a,6810,1861,0.27,4949,6179,-77.0,8.06,26.8,19.3,21.5,1,6,True,11.88
1e30dedf,5474,1403,0.26,4071,5368,137.4,7.93,25.0,45.0,47.5,1,17,True,12.14
1e5e3573,7126,1646,0.23,5480,6675,-90.6,8.01,29.8,56.4,59.2,2,33,True,11.92
1f9afacb,7054,1726,0.24,5328,6578,110.9,1.99,7.5,38.9,44.1,1,15,True,2.52
1fdbba44,6333,1422,0.22,4911,6095,117.8,4.63,17.8,19.4,19.9,1,12,True,5.84
1fee2b62,6323,1682,0.27,4641,5839,111.8,7.89,25.8,55.5,58.5,1,18,True,8.27
20096916,6880,1747,0.25,5133,6399,108.7,5.32,22.0,48.4,51.8,1,15,True,10.46
200d233d,5896,1970,0.33,3926,5397,-60.2,5.04,19.4,6.6,7.8,1,5,True,12.78
201661b5,8136,2181,0.27,5955,7467,89.7,10.47,46.0,5.9,6.6,1,6,True,12.38
203721ab,7235,1505,0.21,5730,6843,-47.8,7.74,29.0,20.0,20.5,1,10,True,10.04
20402d71,7930,1558,0.2,6372,7457,132.4,5.13,25.4,1.3,1.3,1,1,True,11.66
2043abc5,8513,1555,0.18,6958,8272,131.3,9.59,32.6,65.9,67.2,2,21,True,18.04
204cc64b,6454,1649,0.26,4805,5990,125.2,5.82,26.2,32.8,35.7,1,19,True,6.09
206b6193,8568,2033,0.24,6535,8044,131.6,18.44,70.1,3.7,4.1,1,9,True,36.51
2075c696,5580,2392,0.43,3188,4770,-65.6,12.08,32.1,8.2,8.1,1,4,True,21.9
22c5f93f,6919,1747,0.25,5172,6395,109.6,6.75,26.2,55.0,56.8,1,12,True,7.09
230eaaa3,6451,1761,0.27,4690,5845,-48.0,22.84,83.4,18.2,18.9,1,10,True,25.32
2364716c,6093,1777,0.29,4316,5533,-48.8,9.48,33.5,27.7,29.4,1,10,True,19.67
23b9beb0,8790,1450,0.16,7340,8465,-66.4,4.7,18.2,21.1,22.7,1,16,True,5.5
24d8997e,5188,1746,0.34,3442,4632,130.0,5.36,18.9,12.3,14.9,1,9,True,5.64
25050f63,7155,1031,0.14,6124,6823,133.1,8.06,48.4,4.6,5.0,1,5,True,38.0
25939962,6071,1752,0.29,4319,5516,110.1,10.29,34.7,58.0,62.3,2,25,True,11.1
25fd32b3,4546,1661,0.37,2885,4246,-49.7,1.27,6.1,22.9,25.6,1,9,True,3.18
261785ee,5512,1866,0.34,3646,4875,111.2,10.59,37.5,33.1,37.6,1,18,True,23.58
264feceb,7408,1743,0.24,5665,6883,131.7,3.01,18.9,4.2,4.3,1,3,True,10.86
26623a50,7479,1744,0.23,5735,6957,101.8,8.01,34.6,26.4,28.1,1,13,True,21.68
26d3a96a,6465,1744,0.27,4721,5978,124.2,6.53,38.4,31.8,31.7,1,9,True,9.06
272abef3,5682,1547,0.27,4135,5293,-68.5,6.83,20.6,4.6,4.7,1,12,True,10.02
27300fd5,7386,1919,0.26,5467,6960,120.5,6.03,27.6,3.4,3.7,1,3,True,17.39
276b012a,6291,1454,0.23,4837,5989,-52.5,11.13,48.1,14.8,16.0,1,7,True,27.09
27c3155b,6941,1983,0.29,4958,6240,-43.7,6.03,24.8,3.3,3.4,1,3,True,18.11
27ebb9b9,7651,1885,0.25,5766,7158,127.2,7.11,24.4,19.3,21.6,1,7,True,9.99
283269ac,4567,1941,0.43,2626,3988,130.9,1.01,3.6,58.6,67.7,2,19,True,1.12
28473855,6620,2330,0.35,4290,5907,131.2,4.54,21.3,3.0,3.1,1,5,True,4.55
28f4eda9,6824,1558,0.23,5266,6672,133.5,7.52,22.9,22.1,23.1,1,12,True,12.16
29b24409,7417,1830,0.25,5587,6910,130.4,5.27,20.6,56.1,59.5,1,220,True,13.76
29de15c8,5164,1733,0.34,3431,4711,93.0,2.64,9.6,4.1,4.0,1,3,True,4.59
2ab29395,3325,1473,0.44,1852,3188,-64.8,1.62,7.0,29.8,35.9,1,8,True,2.46
2ac7cb6b,6451,1461,0.23,4990,6189,108.4,17.18,65.8,4.2,4.0,1,3,True,19.6
2acc78d4,6109,1843,0.3,4266,5543,-90.5,9.97,33.0,59.8,68.2,2,21,True,13.63
2b034622,6761,1558,0.23,5203,6378,129.5,2.92,12.4,27.3,31.1,1,6,True,6.81
2b06ad65,5706,1450,0.25,4256,5460,91.4,2.06,7.2,4.1,3.9,1,13,True,2.75
2b547943,5131,1651,0.32,3480,4600,-67.4,7.2,19.0,31.7,35.6,1,11,True,12.24
2be5c96a,5753,1543,0.27,4210,5358,-45.2,3.59,14.8,73.0,77.4,2,20,True,3.66
2bff06cf,9174,1550,0.17,7624,8629,132.0,8.81,44.5,47.6,50.0,1,155,True,28.43
2c0c4a4e,6719,1929,0.29,4790,6230,-49.8,5.47,20.0,5.2,4.7,1,5,True,8.05
2cee0cba,7335,1835,0.25,5500,6809,-49.6,7.1,35.4,42.7,47.0,1,14,True,10.67
2d0c268a,6289,1739,0.28,4550,5746,87.5,8.54,27.2,26.1,28.3,1,14,True,14.87
2d179ded,9225,2217,0.24,7008,8547,131.5,7.49,24.9,42.0,46.3,2,12,True,7.75
2d196986,8316,1842,0.22,6474,7786,130.4,8.13,31.5,1.2,1.3,1,1,True,11.99
2d2d0c6b,6967,1922,0.28,5045,6385,-41.2,2.96,13.6,60.5,62.5,2,192,True,3.05
2d35f86d,6628,1732,0.26,4896,6227,112.2,11.2,30.8,24.2,25.3,1,7,True,11.22
2d9f6cb9,8627,1289,0.15,7338,8526,111.6,5.82,19.5,3.8,3.6,1,4,True,9.91
2ddad940,6812,1481,0.22,5331,6410,-53.4,7.06,24.7,15.6,16.4,1,18,True,7.65
2e29e833,7254,1826,0.25,5428,6781,89.9,4.3,17.6,4.3,4.5,1,2,True,4.31
2e43c2ea,7349,1651,0.22,5698,6798,129.7,6.05,21.9,33.4,35.1,1,12,True,7.49
2e63d9de,6505,1806,0.28,4699,5954,-53.9,13.22,41.7,14.8,15.6,1,13,True,13.77
2ee0235b,7256,1700,0.23,5556,6793,130.1,4.73,19.1,11.3,11.8,1,7,True,6.8
2f19d536,4744,1656,0.35,3088,4543,126.2,2.82,12.3,30.6,37.3,1,10,True,6.54
2f8e53c3,4133,1539,0.37,2594,3826,-92.7,2.82,11.2,35.2,42.1,1,12,True,3.29
2fa01aa6,3860,1686,0.44,2174,3352,-51.9,11.13,34.2,26.7,39.7,1,12,True,18.78
2fd68f7b,6381,1651,0.26,4730,5845,-70.6,23.48,76.0,56.3,61.4,2,34,True,60.74
2fe023be,6060,1839,0.3,4221,5488,114.4,7.63,34.9,41.3,44.8,1,15,True,12.91
30d75030,5009,1605,0.32,3404,4744,93.6,13.9,53.4,17.4,19.8,1,7,True,17.6
310c71a5,6988,1743,0.25,5245,6497,130.9,6.16,34.4,13.5,16.2,1,9,True,8.84
32fe84c9,8163,1755,0.21,6408,7660,-89.0,9.42,38.6,14.7,15.2,1,13,True,22.25
33c40295,5989,1820,0.3,4169,5419,112.9,8.15,22.8,7.4,5.3,1,85,True,8.7
3407f5bf,5309,1671,0.31,3638,4932,-50.1,16.03,68.9,40.7,46.0,1,16,True,21.29
3417285d,7458,2009,0.27,5449,6681,100.7,10.72,45.7,8.0,9.8,1,8,True,34.42
347242c8,5437,1842,0.34,3595,4855,-66.9,2.23,10.3,4.8,5.7,1,6,True,2.24
353e5502,7901,1839,0.23,6062,7330,130.3,5.54,19.6,15.4,19.8,2,11,True,5.64
357c12f9,5770,1691,0.29,4079,5200,127.7,4.35,16.4,11.1,11.0,1,8,True,5.62
3584a6eb,6150,1656,0.27,4494,5631,110.9,4.16,13.6,17.6,20.0,1,10,True,9.11
35b30c7f,11270,1691,0.15,9579,10661,-48.8,7.51,34.5,42.6,44.4,1,18,True,19.15
35b3ef6a,5736,1832,0.32,3904,5374,130.8,10.35,37.1,35.7,38.5,1,8,True,26.05
367456ce,7312,1743,0.24,5569,6806,-70.1,6.51,23.3,34.5,34.6,1,16,True,12.62
368131f9,6568,1577,0.24,4991,6264,111.0,12.14,43.1,60.7,63.6,1,36,True,20.88
368fe682,6416,1480,0.23,4936,6102,131.1,8.12,28.6,3.6,3.6,1,2,True,13.88
3690a146,5761,1688,0.29,4073,5183,-47.6,6.8,23.2,16.7,17.7,1,9,True,7.13
37344c2a,6943,1746,0.25,5197,6356,-44.6,11.81,40.1,14.1,14.4,1,5,True,13.24
373ef48b,4992,1483,0.3,3509,4713,-47.3,4.02,14.3,39.0,45.8,1,10,True,5.21
374be387,11802,1837,0.16,9965,11260,131.2,6.38,23.9,59.1,60.9,1,15,True,6.71
37d36812,6017,1650,0.27,4367,5522,121.3,9.15,33.9,22.7,25.2,1,10,True,21.86
38991fd4,6545,1747,0.27,4798,6002,132.6,7.57,28.3,25.7,27.0,1,187,True,14.87
389ae58f,8201,1738,0.21,6463,7692,-52.6,13.8,68.5,18.7,19.5,1,11,True,49.76
3932faa6,7388,1936,0.26,5452,6849,128.7,13.05,52.1,29.1,30.5,1,11,True,13.16
398dce4b,5005,1839,0.37,3166,4467,131.4,4.35,24.3,44.3,49.9,1,18,True,4.56
39b51819,6382,2151,0.34,4231,5798,133.2,2.28,10.3,53.0,55.8,2,28,True,3.16
3a0af893,4580,1653,0.36,2927,4369,128.9,9.86,27.2,49.0,51.8,2,18,True,18.69
3a223519,6581,1998,0.3,4583,5939,-75.6,6.01,18.5,12.3,9.1,1,14,True,9.4
3a7dd95d,4320,1248,0.29,3072,4161,-134.1,8.93,27.6,42.9,47.4,1,13,True,13.01
3a824aa7,5678,1477,0.26,4201,5388,109.9,5.03,17.6,46.7,47.2,1,16,True,5.69
3a86fe8d,6572,1454,0.22,5118,6175,-70.2,4.9,18.5,45.1,47.8,2,18,True,11.63
3aaa2b30,6396,1685,0.26,4711,6029,-79.3,9.64,33.4,28.0,31.2,1,9,True,17.52
3ac16ad0,7412,1763,0.24,5649,6826,-45.1,8.29,29.8,24.9,25.3,1,13,True,8.88
3b21ea64,9103,1727,0.19,7376,8676,111.1,7.02,28.4,5.5,6.0,1,5,True,8.37
3bbe1f5d,8184,1266,0.15,6918,7636,-48.4,5.26,21.6,40.5,46.0,1,31,True,10.57
3bfee975,5088,1485,0.29,3603,4786,-69.3,7.83,25.4,57.8,60.7,2,17,True,7.84
3c3dbcbc,6911,1842,0.27,5069,6392,108.3,8.28,29.0,53.2,56.4,1,23,True,8.29
3d96d897,7147,1488,0.21,5659,6771,-48.2,3.2,11.8,6.7,7.2,1,7,True,3.61
3df4b19e,6658,1670,0.25,4988,6175,88.7,5.58,17.6,28.1,29.5,1,9,True,8.67
3e011332,4842,2119,0.44,2723,4093,111.1,14.53,41.0,1.9,1.8,1,2,True,17.42
3e678ea7,8737,1879,0.22,6858,8265,-69.7,6.21,27.5,38.6,39.3,1,16,True,10.23
3ef6372a,6666,1939,0.29,4727,6074,-48.5,6.2,21.1,3.9,3.5,1,14,True,6.23
3ef98781,5343,1451,0.27,3892,5055,91.3,4.46,19.6,3.9,3.8,1,2,True,12.43
3f603129,6599,1548,0.23,5051,6254,-78.0,11.48,44.0,30.1,30.3,1,7,True,29.71
404c4384,2612,1701,0.65,911,2139,131.6,2.07,8.9,19.7,33.2,1,14,True,3.6
4121c517,5471,1748,0.32,3723,4976,104.3,8.1,28.3,32.8,38.7,1,10,True,11.22
41fb0192,4381,1408,0.32,2973,4097,-56.6,1.9,8.4,5.9,6.2,1,4,True,3.56
42669188,6080,1798,0.3,4282,5532,125.4,9.12,37.8,7.5,7.5,1,8,True,23.03
42c538a1,4762,1483,0.31,3279,4541,-131.8,14.01,42.4,22.5,24.3,1,6,True,26.19
43b06c70,6590,1744,0.26,4846,6059,110.1,5.28,17.2,15.4,16.5,1,5,True,8.77
43c7f85a,7484,1506,0.2,5978,7165,-48.8,6.91,24.3,48.8,50.4,2,12,True,11.18
43e16325,5845,2125,0.36,3720,5228,40.6,26.25,84.5,17.7,16.0,1,10,True,45.78
44441e54,5568,1211,0.22,4357,5375,-92.6,3.65,13.4,36.0,40.9,1,10,True,3.67
445af6c2,7998,1957,0.24,6041,7438,-48.6,13.71,39.1,14.6,16.1,1,22,True,29.95
4463446c,4729,1473,0.31,3256,4544,-49.7,11.53,32.4,18.8,19.8,1,5,True,18.86
44a94013,6492,1589,0.24,4903,6266,136.0,10.86,60.1,24.2,25.0,1,9,True,23.26
45fb3e21,5626,1977,0.35,3649,5015,111.0,15.54,40.0,47.7,56.6,2,19,True,25.16
460f859e,4982,1646,0.33,3336,4479,-50.0,20.01,61.0,57.2,62.1,2,23,True,20.01
4630ab92,5307,1934,0.36,3373,4720,111.0,7.12,24.3,24.6,27.3,1,16,True,10.88
463c38f2,6048,1588,0.26,4460,5873,132.0,6.31,19.9,20.6,22.8,1,7,True,6.32
4654e7de,7010,1637,0.23,5373,6642,-47.6,5.04,22.3,4.9,5.0,1,4,True,5.26
466fc788,7767,1570,0.2,6197,7200,120.2,11.01,38.0,45.5,48.0,1,31,True,16.97
46a301e9,9962,1736,0.17,8226,9440,-50.1,4.62,18.4,44.0,45.6,1,17,True,10.71
46a7190b,5646,1431,0.25,4215,5328,-83.4,8.12,27.8,35.5,41.0,1,17,True,13.31
46d24a09,6123,1674,0.27,4449,5804,117.6,9.81,40.7,20.1,21.0,1,17,True,21.03
46d41ff6,9226,1325,0.14,7901,9004,-68.8,6.44,24.9,30.7,33.5,1,29,True,7.15
46dfcfca,4921,1315,0.27,3606,4640,-83.7,6.65,43.3,46.0,52.7,2,13,True,23.31
47222616,5835,1429,0.24,4406,5656,111.1,9.06,30.8,16.6,18.9,1,5,True,12.73
47ee27ab,8274,1877,0.23,6397,7656,130.8,7.7,28.4,17.5,16.7,1,184,True,7.81
481de5fc,7694,1742,0.23,5952,7167,125.8,6.36,24.3,34.3,37.2,1,12,True,13.66
48c1f673,4666,1749,0.37,2917,4099,137.4,9.18,28.6,7.8,3.6,1,139,True,18.48
4936af16,5559,1568,0.28,3991,5202,-87.0,4.76,17.9,51.4,55.9,1,11,True,5.13
493b5b31,6884,2213,0.32,4671,6232,-43.8,15.85,49.1,4.2,4.7,1,4,True,20.81
49dbc14c,5198,1326,0.26,3872,4909,-50.4,3.73,17.1,61.0,67.4,2,23,True,5.47
4a035ec2,4522,1934,0.43,2588,4045,-55.6,10.38,28.8,8.9,8.7,1,17,True,18.38
4a335117,6727,1712,0.25,5015,6191,-50.4,10.95,47.3,26.8,28.8,1,9,True,25.01
4a8ecc0b,7374,1565,0.21,5809,6835,110.4,10.55,39.2,1.8,2.0,1,1,True,11.21
4b462989,4738,1632,0.34,3106,4329,132.3,5.53,18.6,36.8,39.7,1,11,True,6.61
4b831d20,9433,2121,0.22,7312,8693,111.0,9.65,31.0,3.7,3.9,1,3,True,16.4
4c2208f5,7248,1864,0.26,5384,6778,137.5,12.05,49.8,3.8,3.8,1,4,True,37.38
4c3168cf,5959,1625,0.27,4334,5587,91.0,3.0,16.0,21.2,23.5,1,9,True,4.4
4c3df468,6903,1511,0.22,5392,6601,-50.8,8.81,36.0,48.4,50.7,2,14,True,20.73
4caa7289,6854,1458,0.21,5396,6546,130.7,6.72,22.2,56.2,61.2,1,18,True,9.68
4cd1ac61,6709,2220,0.33,4489,6057,111.3,2.54,16.5,10.9,11.9,1,9,True,14.74
4cecf7b3,7676,1657,0.22,6019,7336,120.1,8.37,30.2,45.5,48.3,1,73,True,8.8
4ddde4c1,6417,1945,0.3,4472,5798,103.4,3.51,18.4,6.9,7.5,1,6,True,4.58
4e050c92,5236,1531,0.29,3705,4899,-92.2,5.36,20.0,17.3,19.4,1,8,True,6.76
4ed93db6,6496,1839,0.28,4657,5915,88.3,5.02,14.5,3.9,3.7,1,8,True,9.13
4f3eb9e9,5911,1214,0.21,4697,5860,88.2,23.79,61.3,5.6,5.0,1,3,True,33.08
4f4ac5ce,6899,1737,0.25,5162,6515,131.0,7.81,25.4,56.2,59.8,1,12,True,8.25
4f4afcc6,7184,1539,0.21,5645,6858,-47.8,8.32,32.4,6.7,7.3,1,19,True,8.32
4f69febf,7599,2139,0.28,5460,6867,134.7,5.92,23.5,3.2,2.9,1,7,True,14.94
4fbe9c06,7938,1651,0.21,6287,7371,-47.6,9.13,24.7,59.8,61.5,2,331,True,12.7
504c8b08,8012,1645,0.21,6367,7456,130.4,6.08,30.4,18.5,18.6,1,8,True,20.66
511e1db0,5645,1824,0.32,3821,5133,-47.3,2.43,10.8,6.3,5.7,1,13,True,2.65
512943b2,6681,1652,0.25,5029,6146,-92.6,3.39,16.5,72.8,77.1,3,25,True,4.03
5138a660,4829,1270,0.26,3559,4672,-80.4,4.3,14.0,38.5,38.7,1,8,True,5.48
516088b7,8300,1655,0.2,6645,7802,131.0,6.35,28.7,54.6,59.2,2,20,True,6.37
521a7819,7224,2024,0.28,5200,6598,130.9,10.51,42.1,14.6,15.8,1,63,True,25.36
5254b6db,5115,1841,0.36,3274,4616,139.3,2.2,10.2,21.3,22.0,1,18,True,7.29
529e88ca,5253,1836,0.35,3417,4656,136.8,11.76,36.3,50.0,55.0,1,18,True,15.27
52f1e77a,6053,1611,0.27,4442,5811,-90.9,7.76,23.0,6.1,6.2,1,3,True,14.17
5305524b,6457,1559,0.24,4898,6254,135.7,7.94,33.0,32.6,35.4,1,15,True,16.63
53134831,7214,2088,0.29,5126,6583,-92.0,5.2,22.3,53.6,57.9,1,17,True,17.34
5397ceb1,6811,1556,0.23,5255,6430,-68.3,9.13,32.4,8.0,8.5,1,11,True,9.25
53f23031,10200,1650,0.16,8550,9661,-65.3,6.91,25.3,3.5,4.1,1,10,True,10.67
543198e8,8311,1808,0.22,6503,7765,132.2,19.33,90.3,27.0,27.6,1,104,True,20.51
54753541,5679,1653,0.29,4026,5414,-48.0,16.22,70.4,26.7,29.9,1,10,True,16.22
54a7e3c2,7893,1738,0.22,6155,7505,131.1,5.31,19.1,31.0,34.5,1,14,True,11.04
5542c301,5433,1842,0.34,3591,4783,132.8,5.44,21.0,45.8,48.1,1,211,True,5.5
5567d551,8390,1501,0.18,6889,8048,121.7,7.53,38.8,63.9,66.2,2,16,True,10.29
55efee7f,6577,1776,0.27,4801,6131,130.7,18.51,61.5,5.7,1.1,1,64,True,25.84
5663b2b7,6907,1935,0.28,4972,6260,127.7,14.69,43.4,14.6,15.7,1,9,True,16.28
5693dde2,4846,1358,0.28,3488,4542,-48.6,3.55,13.2,52.1,58.7,1,16,True,6.96
56b00794,7293,1228,0.17,6065,7044,-43.7,10.73,43.0,44.3,43.1,1,11,True,29.94
57796579,7622,1732,0.23,5890,7107,130.5,8.33,29.3,6.5,6.7,1,10,True,12.81
577eec7c,6085,1546,0.25,4539,5668,-49.7,10.84,34.1,30.8,34.2,1,13,True,18.88
57f05c51,6478,1707,0.26,4771,5881,-44.2,18.13,63.8,5.9,5.8,1,4,True,36.32
58850d2c,6918,1923,0.28,4995,6375,92.3,4.92,21.1,2.0,2.2,1,2,True,14.89
58fa8486,6126,1651,0.27,4475,5597,133.2,9.23,28.4,26.6,28.3,1,20,True,11.87
591cc951,6669,2060,0.31,4609,6108,131.0,8.47,30.3,3.8,0.9,1,201,True,15.02
593876b6,6366,1524,0.24,4842,6052,-95.6,6.6,28.9,4.1,3.6,1,7,True,12.28
59f8b2e8,5668,1921,0.34,3747,5284,-17.2,5.83,22.7,32.4,33.7,1,13,True,6.24
5a1a8fd8,6814,1554,0.23,5260,6350,-69.2,7.56,33.0,49.1,53.0,1,14,True,13.17
5a5269a9,8053,1540,0.19,6513,7697,-68.5,5.82,22.6,44.9,46.3,1,10,True,5.86
5a5d1982,5446,1552,0.28,3894,4912,-47.8,6.73,23.3,28.6,28.4,1,213,True,7.11
5a63b5d1,8052,1835,0.23,6217,7551,76.3,8.94,31.6,53.3,54.6,2,16,True,19.45
5aa03df7,6752,1881,0.28,4871,6078,-58.6,6.39,40.8,28.1,33.2,1,7,True,6.59
5aa403d0,4702,1584,0.34,3118,4338,132.2,8.05,30.3,53.7,57.9,1,18,True,25.68
5aef5c6c,4853,1732,0.36,3121,4326,-54.4,9.53,42.3,61.8,65.1,2,18,True,10.93
5b7b6324,8197,1633,0.2,6564,7972,111.1,10.88,40.7,52.9,54.0,1,15,True,17.67
5bd25f59,6120,1910,0.31,4210,5508,137.3,3.12,12.7,2.7,2.2,1,13,True,4.34
5beded95,4779,1722,0.36,3057,4255,-48.5,6.68,25.7,54.4,62.3,1,14,True,16.64
5cb483ac,5206,1354,0.26,3852,4920,-92.3,5.83,20.2,10.9,11.9,1,6,True,6.11
5cdd8dbc,5751,1741,0.3,4010,5151,133.3,14.19,48.4,37.3,42.0,1,13,True,17.23
5d11dfb5,7643,1748,0.23,5895,7114,95.4,9.76,46.0,43.4,49.6,2,20,True,9.76
5d7198fd,4797,1429,0.3,3368,4717,129.7,12.43,34.5,4.2,4.1,1,3,True,13.37
5def1ce5,7997,1554,0.19,6443,7589,-48.2,7.69,27.4,2.8,2.7,1,2,True,8.05
5eae34a8,6652,1748,0.26,4904,6146,-49.5,7.29,25.8,45.6,46.4,1,35,True,7.4
5f4d2a52,7112,1887,0.27,5225,6652,110.2,31.85,93.9,18.3,21.5,1,9,True,56.91
5f6756c5,8064,2133,0.26,5931,7403,124.9,5.41,21.3,3.4,3.2,1,3,True,8.57
5f75f796,7324,1762,0.24,5562,6721,127.7,5.33,22.0,44.1,50.2,2,16,True,9.24
5fb1c15f,4857,1997,0.41,2860,4409,134.3,6.91,23.9,47.0,52.4,1,13,True,18.29
5fffa282,6223,2022,0.32,4201,5607,-70.0,2.58,10.5,9.1,8.0,1,5,True,5.32
60e37807,4641,1942,0.42,2699,4020,112.1,16.73,46.9,2.3,2.6,1,2,True,20.87
61f27424,8341,2121,0.25,6220,7619,90.6,2.8,10.9,8.2,7.7,1,48,True,2.82
62569ae3,5242,1654,0.32,3588,4897,-89.0,7.21,21.7,26.9,31.2,1,12,True,8.16
62a6f539,5253,1560,0.3,3693,4774,130.2,5.84,20.1,62.4,70.0,3,25,True,7.86
633774dc,7972,1739,0.22,6233,7469,131.7,9.34,42.8,33.5,36.4,1,12,True,14.21
63559d57,5810,1741,0.3,4069,5311,-51.9,3.72,19.9,57.2,65.9,2,16,True,5.89
647f2a41,5836,1955,0.33,3881,5240,-48.2,5.55,21.2,30.9,43.4,2,21,True,6.55
65156b96,5046,1825,0.36,3221,4498,-48.0,6.05,31.8,4.9,5.0,1,8,True,6.08
653612bc,5946,1341,0.23,4605,5730,-91.8,1.98,6.1,3.9,3.6,1,2,True,2.83
656a067b,4896,1845,0.38,3051,4380,104.5,13.95,39.6,19.2,20.4,1,8,True,14.67
65a5466a,6117,1434,0.23,4683,5797,-70.8,10.12,36.2,24.7,27.5,1,7,True,11.99
660d9546,6140,1408,0.23,4732,5877,-90.7,7.01,22.4,18.7,20.8,1,9,True,9.43
6767c111,8354,1571,0.19,6783,7852,137.1,8.13,40.2,48.6,48.2,2,19,True,17.48
67847288,9174,1745,0.19,7429,8678,118.1,5.89,24.6,46.5,46.6,1,172,True,11.46
67a8da4a,6645,1734,0.26,4911,6126,122.7,7.96,27.8,17.4,18.8,1,24,True,14.49
684a6fc1,11449,1631,0.14,9818,10927,-50.2,8.91,38.0,49.5,50.2,1,11,True,24.03
698930d1,6498,1757,0.27,4741,5927,103.4,8.96,30.2,11.8,14.9,1,9,True,10.39
699ea575,5474,1354,0.25,4120,5283,112.9,7.98,24.8,42.4,45.1,1,9,True,10.39
69c1bdad,4645,1931,0.42,2714,4232,130.8,9.79,33.3,37.0,40.9,1,11,True,9.79
69e41fa6,7167,1395,0.19,5772,6835,-84.7,4.0,16.7,40.4,44.4,2,19,True,5.86
6a0ff78e,7890,1425,0.18,6465,7586,-48.0,11.22,43.8,4.2,4.0,1,3,True,11.35
6a8fa194,4657,1640,0.35,3017,4265,156.8,4.46,15.8,6.1,5.6,1,3,True,8.35
6ae68655,5948,1744,0.29,4204,5450,134.7,5.21,15.8,18.9,19.9,1,9,True,5.26
6d1d74e1,7316,1486,0.2,5830,7055,-49.4,11.6,40.0,29.3,30.7,1,11,True,11.89
6d590e26,7842,1746,0.22,6096,7288,108.7,8.62,31.9,30.1,33.2,1,7,True,8.63
6d6d93af,5305,1710,0.32,3595,4940,-17.3,15.13,51.7,40.4,43.6,1,10,True,32.2
6dbe4b60,6673,2025,0.3,4648,6138,-92.9,6.67,21.9,46.9,50.0,1,17,True,8.7
6e6d122c,7083,1451,0.2,5632,6754,-48.7,8.12,29.8,25.8,28.7,1,9,True,9.12
6e9ccd38,9619,1337,0.14,8282,9512,131.5,11.27,44.7,3.9,3.9,1,4,True,12.24
6ea22614,7894,1923,0.24,5971,7229,-66.7,6.47,24.4,43.0,44.6,1,15,True,6.48
6ede926a,6621,1683,0.25,4938,6130,130.6,5.96,23.2,34.7,35.9,1,109,True,7.69
708caea9,8482,1934,0.23,6548,7841,136.7,11.43,50.6,19.8,21.7,1,12,True,34.92
70925e23,8072,2125,0.26,5947,7375,122.7,6.1,26.8,10.5,11.8,1,8,True,14.78
70e1788b,11338,2053,0.18,9285,10775,131.0,5.59,25.6,4.1,4.0,1,3,True,7.16
71642c7d,6657,2009,0.3,4648,5946,-75.4,7.51,24.9,22.4,26.9,1,11,True,11.9
71ccf778,4623,1925,0.42,2698,4060,147.1,3.45,12.5,4.5,4.6,1,8,True,5.39
7224331b,7566,1503,0.2,6063,7280,103.4,4.34,17.1,69.0,70.9,2,28,True,4.34
722cf0d8,7275,2132,0.29,5143,6670,135.0,11.09,33.3,3.9,3.8,1,7,True,11.13
7256229b,6972,1557,0.22,5415,6486,-69.9,6.14,24.9,64.6,66.4,2,18,True,6.65
726f3dc2,8619,1896,0.22,6723,8020,130.9,5.69,22.6,35.6,36.6,1,15,True,6.93
7271dd80,5765,1425,0.25,4340,5190,-49.6,2.44,12.8,4.4,4.2,1,3,True,8.31
727a3a10,6342,1945,0.31,4397,5732,133.7,4.35,18.5,27.4,33.0,1,8,True,12.36
729665c0,5775,1512,0.26,4263,5413,-50.7,7.65,25.8,41.9,55.5,3,36,True,8.66
729e9750,7427,1508,0.2,5919,7104,-47.4,7.34,27.4,56.1,57.2,2,19,True,8.83
729f4217,7592,1397,0.18,6195,7314,-47.9,5.57,20.9,50.0,53.0,1,15,True,16.25
72dd8501,6928,1735,0.25,5193,6433,110.1,5.56,18.0,48.6,54.7,2,18,True,6.07
73348914,5686,1465,0.26,4221,5523,-75.6,4.32,21.3,20.2,22.5,1,19,True,10.69
739a914f,7319,1814,0.25,5505,6629,-94.3,10.75,33.3,40.5,42.4,2,244,True,13.54
73b1447d,7522,1852,0.25,5670,6785,-49.2,12.95,52.2,34.6,38.4,1,15,True,13.4
74b6186b,5148,1743,0.34,3405,4640,130.9,2.22,11.1,61.4,64.1,2,21,True,9.01
75c20ec7,7205,1844,0.26,5361,6585,127.8,8.27,32.7,62.8,65.9,2,26,True,11.05
75cd5f11,6410,1464,0.23,4946,6013,-47.5,5.17,20.0,25.2,27.7,1,13,True,5.26
75d20a82,7002,1935,0.28,5067,6356,127.4,16.08,43.8,14.2,15.1,1,8,True,17.23
76201745,5858,1410,0.24,4448,5547,-68.8,7.78,29.3,47.1,49.3,1,26,True,7.88
764072a5,4594,1645,0.36,2949,4169,131.0,4.87,14.6,56.9,64.0,1,13,True,6.36
77b0d905,5923,1749,0.3,4174,5424,109.9,2.86,19.5,22.8,25.6,1,11,True,13.05
77e4821c,6540,1147,0.18,5393,6268,-40.1,10.2,40.2,58.7,63.3,2,15,True,19.22
7850c72e,7712,2215,0.29,5497,6995,-43.7,12.25,45.2,4.5,4.7,1,3,True,12.35
78a4a386,6246,1127,0.18,5119,6194,130.8,5.73,19.0,20.8,22.3,1,5,True,5.87
79507629,7320,2018,0.28,5302,6642,126.4,6.48,22.4,12.8,10.5,1,9,True,12.57
796dbd4c,8069,1821,0.23,6248,7450,-67.4,4.77,19.0,37.2,40.1,1,10,True,4.87
7987f2f2,5714,2009,0.35,3705,5029,-50.7,10.82,42.5,44.9,46.2,1,11,True,12.03
7993a768,7047,1560,0.22,5487,6552,89.7,4.67,19.1,17.2,19.9,1,13,True,8.94
7a5660b0,6936,1938,0.28,4998,6358,110.8,4.71,30.7,3.7,3.4,1,3,True,13.45
7acda2df,4552,1461,0.32,3091,4230,-52.4,12.0,37.2,11.9,11.4,1,7,True,13.84
7b2c7b3c,4231,1647,0.39,2584,3948,109.4,4.64,19.8,3.6,4.0,1,3,True,6.17
7b38844c,5197,1448,0.28,3749,4907,-93.3,7.39,29.8,11.9,15.0,1,13,True,7.39
7bb17b96,5295,1373,0.26,3922,4980,-71.2,8.84,31.1,42.0,44.7,1,12,True,17.01
7c607683,7001,1673,0.24,5328,6430,130.5,7.22,27.0,33.5,36.4,1,121,True,16.86
7cbbd047,6790,1669,0.25,5121,6276,-50.3,8.1,30.9,15.2,16.6,1,11,True,12.53
7cd4bb31,7959,1520,0.19,6439,7667,-48.1,5.52,26.9,31.1,33.9,1,13,True,5.91
7d50373e,6494,1372,0.21,5122,6212,-47.4,3.79,18.7,25.3,28.4,1,12,True,14.29
7d57c75d,6147,1742,0.28,4405,5673,-91.7,10.87,42.7,8.7,10.1,1,140,True,14.2
7e208414,5732,1506,0.26,4226,5433,-92.5,3.39,11.2,8.3,9.3,1,19,True,6.38
7e721392,8301,2127,0.26,6174,7631,75.7,14.25,53.0,53.7,56.7,2,14,True,40.33
7ff89f8f,9539,2202,0.23,7337,8792,131.4,11.49,41.0,20.3,21.1,1,14,True,14.16
8050c789,4940,1863,0.38,3077,4374,134.2,7.7,29.5,25.1,24.9,1,209,True,7.79
807f0298,5499,1752,0.32,3747,5164,126.6,8.83,37.1,38.3,44.1,1,16,True,8.85
811f52b3,6674,1838,0.28,4836,6105,130.5,3.82,15.9,6.2,6.8,1,7,True,4.6
81bf5923,6386,1843,0.29,4543,5805,130.1,16.59,53.6,7.6,8.3,1,73,True,31.32
81fc01c6,7655,1746,0.23,5909,7079,131.6,11.26,42.8,16.4,17.7,1,22,True,15.01
8255c867,5338,1749,0.33,3589,4820,129.6,10.01,42.0,21.8,23.0,1,18,True,25.38
82aab6d2,7889,1749,0.22,6140,7385,94.3,5.17,28.3,35.5,41.9,1,22,True,16.36
82fcf37c,7397,1383,0.19,6014,7173,132.0,4.47,16.9,52.2,54.8,2,17,True,6.56
833af382,5377,1749,0.33,3628,4852,130.2,9.0,29.0,26.9,29.0,1,69,True,11.93
8382f4b6,6680,1713,0.26,4967,6426,88.5,16.17,58.3,60.2,65.6,2,17,True,35.96
84633df4,6719,1747,0.26,4972,6125,109.2,4.7,14.6,52.6,56.8,1,23,True,4.74
8478df29,6698,1841,0.27,4857,6121,109.3,3.11,17.8,61.1,66.6,2,21,True,14.04
84815d5a,5286,1639,0.31,3647,4805,111.5,8.16,34.4,24.4,27.9,1,11,True,18.8
84c3b497,6887,1575,0.23,5312,6655,75.5,17.06,63.4,17.4,17.9,1,11,True,18.96
85380836,8175,1557,0.19,6618,7733,130.7,6.95,27.1,41.6,41.2,1,200,True,14.17
8612b37f,6807,1642,0.24,5165,6406,110.4,14.24,45.2,56.6,58.2,1,33,True,19.62
861e71df,6284,1584,0.25,4700,5763,-95.7,6.87,20.0,13.2,15.2,1,8,True,11.54
86454a6f,9100,1136,0.12,7964,9038,-67.1,24.57,96.7,80.1,81.2,6,27,True,70.26
8648abae,6086,1842,0.3,4244,5480,-57.7,5.2,20.9,4.7,5.0,1,20,True,6.86
865033f8,5303,1746,0.33,3557,4781,130.9,5.94,19.4,57.3,65.9,2,22,True,5.94
87695469,8654,1651,0.19,7003,8129,130.1,6.33,26.0,42.8,44.1,1,10,True,7.05
877ed19c,5631,1923,0.34,3708,5040,-86.9,3.22,12.5,27.7,30.4,1,13,True,3.96
87aa3730,7293,1686,0.23,5607,6898,-48.1,6.81,24.2,21.6,23.3,1,14,True,9.12
884ecb5f,8054,1330,0.17,6724,7626,-48.2,10.24,45.5,4.1,3.9,1,6,True,19.93
8902c3f6,6533,1574,0.24,4959,6208,-49.2,5.93,21.3,46.1,48.3,2,21,True,8.83
896d15b9,5698,1419,0.25,4279,5496,-139.0,17.21,48.5,60.6,66.2,2,20,True,29.78
8995c945,8198,1474,0.18,6724,7715,135.7,7.68,29.9,11.1,12.1,1,7,True,17.05
89969c7a,6317,1370,0.22,4947,5750,107.6,7.89,25.2,35.9,38.2,1,11,True,8.24
89f1085d,7497,1503,0.2,5994,7323,127.3,8.5,43.6,31.8,33.1,1,10,True,27.63
89f36adf,7041,1749,0.25,5292,6524,-91.8,4.45,18.7,55.6,60.9,1,66,True,4.48
89fdb2f2,3570,1539,0.43,2031,3264,-92.9,1.6,6.4,44.2,53.5,1,16,True,1.69
8a3da6d1,6334,1741,0.27,4593,5753,90.6,6.28,25.8,40.6,46.0,1,32,True,9.41
8a89da23,5575,1640,0.29,3935,5196,-47.6,7.59,37.3,15.0,14.9,1,9,True,24.25
8a9c8932,6344,1681,0.26,4663,6085,131.5,2.2,9.6,4.4,4.5,1,2,True,2.4
8ac2f237,6775,1456,0.21,5319,6436,89.5,12.35,45.3,4.5,4.2,1,3,True,16.45
8b12bab6,6980,1746,0.25,5234,6395,110.8,10.84,31.7,55.1,58.3,1,18,True,15.81
8b5be31b,7439,1767,0.24,5672,6839,130.9,10.07,32.0,56.9,59.9,2,23,True,14.43
8b95d6d1,2783,1052,0.38,1731,2501,-48.0,4.6,16.6,40.2,53.7,1,24,True,12.82
8b9d8326,7832,1669,0.21,6163,7406,-53.3,6.54,22.3,60.7,65.6,3,42,True,6.58
8bb9c1e6,6382,1836,0.29,4546,5878,130.4,3.2,14.3,11.8,12.1,1,10,True,5.88
8bda1a11,7438,1457,0.2,5981,7121,-47.1,12.65,46.4,52.7,54.7,1,16,True,12.86
8bfa881d,5843,1754,0.3,4089,5355,110.1,16.05,56.8,42.2,45.9,1,21,True,24.91
8c167025,7113,1745,0.25,5368,6606,-48.9,7.5,30.3,13.3,13.3,1,75,True,12.84
8c8348e8,5581,1693,0.3,3888,5185,-83.8,5.67,19.1,26.4,30.7,1,10,True,6.54
8cc21f01,5806,1762,0.3,4044,5098,-59.8,4.73,18.8,32.1,34.6,1,12,True,5.69
8cc800b3,8091,1515,0.19,6576,7719,-65.0,4.25,20.4,4.2,3.9,1,8,True,13.89
8d5d46d7,7282,1527,0.21,5755,6859,131.3,6.26,26.7,24.2,28.2,1,14,True,14.45
8d92cb49,4839,1250,0.26,3589,4612,115.5,5.67,23.5,19.6,22.5,1,8,True,7.26
8f201368,8151,1802,0.22,6349,7633,130.4,9.69,45.4,48.6,49.5,1,263,True,31.18
90386ee4,5304,1464,0.28,3840,4972,-50.5,5.86,22.4,44.6,50.3,1,13,True,10.15
91abc4c7,7787,1939,0.25,5848,7275,131.1,6.77,22.3,56.8,61.1,1,15,True,7.03
91b301ce,8512,1942,0.23,6570,7937,131.0,33.27,121.8,14.0,14.7,1,7,True,35.32
91db7070,5646,1573,0.28,4073,5255,-67.1,21.83,62.4,29.5,33.4,1,14,True,40.81
925a7cd1,6501,1984,0.31,4517,5964,126.4,2.21,9.7,16.0,17.5,1,4,True,4.61
9283ae69,5118,1747,0.34,3371,4592,137.8,5.57,15.1,35.1,38.1,1,30,True,6.17
9298ad5b,5807,1843,0.32,3964,5342,126.8,10.52,42.6,45.3,50.3,1,51,True,13.09
9314ff13,4494,1746,0.39,2748,3996,142.6,4.18,14.7,4.0,4.1,1,4,True,5.19
93209a3d,6300,1603,0.25,4697,5942,113.8,5.66,18.4,53.5,56.5,2,23,True,13.66
939d9c34,6627,1526,0.23,5101,5954,112.1,15.0,67.5,42.5,43.5,1,12,True,15.73
93f5d2e6,5171,1480,0.29,3691,4856,-49.4,15.3,48.2,29.5,33.5,1,14,True,20.11
940a48d9,5627,1664,0.3,3963,5040,-86.8,7.47,24.5,18.6,16.8,1,10,True,10.06
940e709a,4989,1641,0.33,3348,4589,140.2,4.06,12.5,34.3,38.4,1,18,True,4.65
9426ec1e,3923,1391,0.35,2532,3667,-85.9,5.53,17.8,13.6,15.2,1,9,True,12.08
94467f50,5116,2081,0.41,3035,4427,132.4,7.77,42.2,25.4,22.0,1,9,True,7.8
944f36b9,6035,1405,0.23,4630,5745,-70.2,3.13,12.0,15.8,15.8,1,11,True,6.51
94d813a4,6591,1744,0.26,4847,6073,122.6,21.99,61.4,26.6,28.6,1,18,True,36.73
95b559e7,4638,1751,0.38,2887,4140,-90.0,6.87,28.1,23.0,30.2,1,13,True,20.38
95c8427f,8051,1716,0.21,6335,7520,129.9,9.08,39.9,18.5,20.0,1,9,True,27.22
96936c22,4997,1651,0.33,3346,4498,134.9,4.07,14.6,17.4,20.2,1,8,True,4.08
96ae5806,11527,1688,0.15,9839,10953,-68.7,5.9,25.9,55.2,55.2,1,44,True,8.45
96b7eea1,6078,1746,0.29,4332,5555,124.2,2.73,15.6,37.6,38.6,1,13,True,12.41
9719aa04,6665,1794,0.27,4871,6076,103.8,6.15,23.6,4.1,4.3,1,9,True,7.08
974802e7,7537,1694,0.22,5843,7178,131.3,13.72,53.7,56.4,56.8,1,14,True,13.81
97cd5bf9,5099,1650,0.32,3449,4618,130.4,8.98,25.8,60.6,63.3,2,21,True,9.27
98177ced,6789,2017,0.3,4772,6173,-43.9,5.76,21.9,4.1,4.5,1,2,True,5.78
9896fc0b,5109,1514,0.3,3595,4757,-49.3,13.49,52.7,37.9,39.7,1,9,True,15.81
98bc6f66,7720,1657,0.21,6063,7250,131.1,6.3,26.4,42.3,42.7,1,10,True,17.65
992c99e8,6740,1836,0.27,4904,6199,88.5,9.58,30.4,35.0,37.9,1,13,True,13.78
992ce078,4661,1782,0.38,2879,4118,152.1,3.58,11.2,4.1,3.9,1,4,True,5.02
99529c45,7591,1751,0.23,5840,7081,131.2,6.88,30.3,53.7,56.7,1,15,True,21.68
995ff498,6127,1601,0.26,4526,5782,130.7,8.24,27.3,52.3,56.3,1,17,True,8.34
999daf80,5439,1875,0.34,3564,4920,129.2,3.72,12.3,8.3,8.1,1,3,True,5.12
9a6b0392,5802,1547,0.27,4255,5436,-70.5,5.98,19.4,48.3,50.3,1,31,True,6.97
9a8ae0d6,7835,1541,0.2,6294,7415,116.7,5.45,26.8,49.7,51.1,1,20,True,5.94
9a95e33f,8156,1709,0.21,6447,7544,75.7,11.67,52.8,13.4,15.3,1,54,True,32.29
9ab94eeb,6372,1930,0.3,4442,5797,132.0,6.77,24.9,50.5,53.5,2,19,True,8.21
9ad5410a,5749,1544,0.27,4205,5525,111.4,6.32,19.4,8.1,8.0,1,3,True,8.78
9ae248be,6655,1384,0.21,5271,6490,117.9,6.16,26.0,29.8,32.0,1,23,True,8.11
9af1ffd0,5454,1929,0.35,3525,4915,129.7,13.13,32.8,6.2,5.4,1,5,True,18.13
9b5b61c1,7215,1683,0.23,5532,6618,-48.2,5.15,18.9,11.1,9.4,1,29,True,5.43
9b9e3b49,6875,1757,0.26,5118,6301,87.3,7.88,28.0,52.7,57.8,1,21,True,7.92
9bd2bba3,9092,1653,0.18,7439,8618,114.8,4.91,22.4,3.8,3.8,1,3,True,15.67
9c211c53,8842,1577,0.18,7265,8432,131.3,5.54,25.0,47.8,48.0,1,14,True,6.47
9c350a6a,7794,1742,0.22,6052,7268,-68.3,11.25,43.1,43.1,44.9,1,45,True,17.4
9c8375f7,5432,1758,0.32,3674,4897,129.9,5.87,19.7,25.6,27.7,1,11,True,5.92
9d072e4c,6798,1691,0.25,5107,6532,-72.6,8.02,27.0,14.0,14.6,1,6,True,9.99
9d3ec64c,4937,1457,0.3,3480,4513,-49.1,5.41,21.5,18.4,20.5,1,7,True,9.19
9d4272e3,5771,1741,0.3,4030,5311,125.8,6.61,26.9,51.8,53.7,1,16,True,17.77
9d5e14d4,6565,1165,0.18,5400,6125,135.6,12.41,40.8,52.7,56.2,1,20,True,28.54
9da441ba,7283,1500,0.21,5783,7053,-72.6,6.77,32.6,21.2,20.6,1,23,True,15.62
9dede370,8057,1760,0.22,6297,7482,93.4,8.65,37.9,37.1,40.7,1,14,True,18.68
9def2eb2,7750,1747,0.23,6003,7241,-67.7,6.7,25.8,11.9,12.4,1,27,True,7.25
9df1b1f9,6444,1743,0.27,4701,5922,117.4,4.3,23.4,65.2,68.6,2,18,True,12.59
9dfff011,6067,1748,0.29,4319,5483,107.1,4.75,15.9,34.9,37.3,1,12,True,4.85
9e3e364d,5809,1519,0.26,4290,5510,-88.0,3.52,21.1,51.7,51.9,1,19,True,4.1
9efc812e,6100,1650,0.27,4450,5843,-47.0,6.25,27.1,2.1,2.3,1,4,True,7.75
9f0c7bae,4040,1498,0.37,2542,3874,-89.1,3.8,12.6,27.7,32.0,1,18,True,7.9
9ffce529,6675,1463,0.22,5212,6450,124.9,9.41,31.4,36.2,41.1,1,13,True,11.08
a0383629,7687,1855,0.24,5832,7232,-49.7,4.84,17.2,52.4,54.7,1,14,True,8.42
a056d01e,8292,1735,0.21,6557,7780,-53.0,8.58,42.9,24.5,27.0,1,10,True,8.58
a08d9e63,5199,1514,0.29,3685,4836,-49.1,10.8,36.0,22.3,25.6,1,11,True,21.46
a0b83014,6873,1838,0.27,5035,6266,-91.4,6.69,26.2,53.3,55.1,1,21,True,17.52
a0e92ed6,6446,1549,0.24,4897,6271,90.8,8.05,32.8,45.0,50.0,1,15,True,8.11
a15bc102,5124,1888,0.37,3236,4560,130.7,2.05,7.4,53.5,56.3,2,26,True,2.58
a247e7cf,7237,1563,0.22,5674,6861,-47.3,3.87,15.0,55.8,56.7,1,15,True,4.2
a2e8e7f6,5812,1052,0.18,4760,5528,-49.4,10.48,35.7,42.7,48.1,1,24,True,10.7
a3518960,6992,2025,0.29,4967,6329,89.5,5.22,23.3,3.6,3.8,1,3,True,7.1
a3f71395,7040,1497,0.21,5543,6790,118.4,11.36,38.3,9.1,7.9,1,12,True,15.09
a4719920,7495,1611,0.21,5884,7157,-67.9,6.6,25.2,63.1,64.4,2,25,True,7.21
a48640d9,6586,2054,0.31,4532,6137,-52.1,5.66,27.4,12.6,13.9,1,6,True,21.63
a4cdbb0f,6759,1555,0.23,5204,6514,135.8,11.12,41.4,4.1,3.8,1,4,True,11.15
a4f989c2,7024,1639,0.23,5385,6668,-47.7,5.31,21.7,4.7,4.8,1,30,True,10.58
a5aa7973,6449,1833,0.28,4616,5859,103.6,11.33,35.4,35.4,40.2,1,13,True,14.16
a5e6f7dc,7331,1682,0.23,5649,6841,-67.8,4.9,20.0,51.2,51.9,1,13,True,6.35
a612d5a0,7160,1831,0.26,5329,6634,-48.4,6.28,27.3,4.6,4.7,1,8,True,19.26
a622ce4d,8047,1749,0.22,6298,7631,-69.0,7.28,29.5,43.4,44.9,1,14,True,14.24
a645da9a,6766,1613,0.24,5153,6258,-49.7,8.77,26.5,17.6,19.6,1,8,True,8.95
a692b17e,5409,1843,0.34,3566,4870,130.3,9.83,34.4,59.7,59.8,2,14,True,13.14
a6b8ac67,7017,1564,0.22,5453,6519,118.5,8.71,30.4,7.2,7.4,1,10,True,10.88
a6ed2eff,7054,1779,0.25,5275,6510,88.4,7.57,34.3,52.2,56.2,1,21,True,8.63
a6f967fb,7032,2362,0.34,4670,6297,-44.0,5.64,21.9,4.0,4.2,1,3,True,13.76
a76db406,6451,1779,0.28,4672,5921,-49.1,2.75,15.6,1.2,1.2,1,1,True,3.7
a7744f5b,6017,1640,0.27,4377,5543,-48.0,9.02,29.6,15.8,16.9,1,6,True,13.08
a783cc24,3275,1386,0.42,1889,3035,-54.4,14.5,55.8,10.4,11.6,1,5,True,26.73
a79fd2e7,6327,1923,0.3,4404,5714,89.6,9.05,27.6,45.3,52.5,1,35,True,12.37
a7fc3e6b,6378,1614,0.25,4764,5933,-49.0,10.24,33.0,60.7,63.4,2,19,True,18.15
a85bb86f,5100,2001,0.39,3099,4475,132.2,4.74,19.1,15.0,14.7,1,5,True,7.87
a85e4bc3,5993,1412,0.24,4581,5592,-49.9,8.25,31.1,48.8,49.8,2,9,True,9.64
a87433c9,7460,1739,0.23,5721,6853,-69.7,5.4,20.8,54.2,58.1,1,18,True,9.58
a8ed028a,7310,1772,0.24,5538,6781,136.5,7.48,36.9,4.6,4.7,1,3,True,19.04
a959858c,5770,1366,0.24,4404,4978,-48.0,14.78,90.5,56.3,61.4,2,22,True,65.36
a9c9b150,5826,1840,0.32,3986,5295,125.5,1.16,5.7,50.2,54.7,1,15,True,1.16
aa95015b,5761,1461,0.25,4300,5318,-82.8,6.92,25.6,33.3,34.4,1,7,True,11.73
aaaf3c03,4728,1731,0.37,2997,4228,165.3,14.95,48.2,6.0,5.5,1,3,True,15.08
aaeffccb,4586,1874,0.41,2712,3947,-50.7,4.36,14.6,54.3,60.8,2,206,True,4.76
ab112491,7178,1993,0.28,5185,6534,111.2,14.15,43.6,4.6,4.2,1,5,True,28.2
ab18d3fc,7337,1643,0.22,5694,6829,-49.2,10.98,37.1,29.5,31.4,1,11,True,16.6
ab3ced07,6008,1758,0.29,4250,5401,110.2,7.55,26.5,43.6,49.1,1,30,True,9.8
ab6fe95d,7424,1933,0.26,5491,6864,129.2,5.47,24.6,23.6,25.0,1,162,True,6.68
ab94878e,7652,1648,0.22,6004,7133,130.3,4.74,21.8,4.4,4.1,1,6,True,6.09
abf460d2,4763,1546,0.32,3217,4424,133.6,5.9,26.0,51.2,58.3,1,21,True,8.35
ac6f01d5,6729,1725,0.26,5004,6145,-67.6,10.0,32.7,2.4,2.7,1,3,True,15.96
ad2133a8,7187,1458,0.2,5729,6905,125.8,13.94,48.6,27.7,28.7,1,9,True,28.09
add9c322,5519,1587,0.29,3932,5177,93.4,4.59,22.7,55.0,58.5,1,19,True,12.3
ae069086,6741,1971,0.29,4770,6130,131.5,12.0,38.2,0.7,0.7,1,2,True,14.59
ae0784a8,9171,1348,0.15,7823,8988,-68.7,6.23,24.9,53.5,57.5,1,42,True,10.88
ae35f33a,6469,2019,0.31,4450,5796,-75.5,4.23,20.4,30.2,25.4,1,17,True,5.1
ae8959c3,6645,2127,0.32,4518,5993,137.7,7.93,34.2,7.7,6.9,1,11,True,19.77
aed44918,4020,1301,0.32,2719,3904,127.0,4.7,16.3,65.7,70.1,2,16,True,9.49
aee6393a,7146,1281,0.18,5865,6921,-42.8,3.36,14.0,48.9,48.5,1,12,True,4.67
af7a59ce,4330,1306,0.3,3024,4030,-48.1,2.23,11.2,25.8,28.6,1,7,True,4.12
aff4e561,7723,1697,0.22,6026,7241,131.5,5.0,21.0,34.4,35.5,1,10,True,10.85
b04b58a3,5229,1827,0.35,3402,4857,-49.0,11.91,31.4,5.5,4.9,1,4,True,13.06
b0d42b0d,6357,1386,0.22,4971,6145,131.1,8.46,32.9,53.4,56.1,1,20,True,19.8
b0f53bf4,4202,1447,0.34,2755,4056,133.8,6.05,18.7,27.4,27.5,1,36,True,9.23
b19b0395,7196,1383,0.19,5813,6906,-47.5,5.95,25.8,4.0,3.8,1,2,True,10.05
b1efb8a4,7562,1564,0.21,5998,7210,110.9,6.6,19.4,5.0,5.2,1,4,True,8.51
b32902c0,5737,1929,0.34,3808,5194,93.2,5.03,27.9,48.4,54.3,1,15,True,5.16
b32e4903,7420,1650,0.22,5770,6929,131.4,5.75,22.5,6.2,4.1,1,151,True,5.86
b3388334,7807,1727,0.22,6080,7217,75.6,12.52,58.0,23.0,24.6,1,14,True,14.23
b37fd114,9786,1625,0.17,8161,9484,-68.3,13.9,53.2,8.5,8.1,1,11,True,24.98
b38e3116,7954,1743,0.22,6211,7419,110.8,5.51,24.8,5.3,5.5,1,4,True,6.4
b4d8dd4f,5909,1650,0.28,4259,5355,131.7,17.07,54.7,11.2,9.7,1,11,True,17.1
b4f37e6e,4499,1507,0.33,2992,4156,-50.2,9.47,35.0,31.6,35.1,1,19,True,14.95
b56bc0aa,7431,1829,0.25,5602,6768,129.6,3.85,15.2,20.6,22.4,1,10,True,8.79
b585b4fa,5999,1705,0.28,4294,5462,130.9,9.07,36.7,12.1,11.8,1,11,True,9.97
b5aa9634,8747,1421,0.16,7326,8598,111.1,9.11,37.1,4.0,4.2,1,3,True,11.48
b7974e66,7170,1612,0.22,5558,6844,90.9,6.85,19.1,49.7,52.7,2,21,True,6.97
b7cdcecb,7620,1452,0.19,6168,7258,-49.7,5.67,25.4,41.7,42.6,2,9,True,9.27
b7fea9ef,5575,1709,0.31,3866,5034,-55.0,4.23,18.3,15.1,14.0,1,182,True,11.15
b85f7b06,5453,1650,0.3,3803,5051,-89.1,2.24,10.0,19.3,20.2,1,7,True,3.57
b881d27e,5442,1433,0.26,4009,5017,-49.7,5.39,27.5,43.6,50.7,1,9,True,18.79
b8c49c1a,6254,1935,0.31,4319,5612,-48.7,8.06,32.1,21.2,22.8,1,6,True,8.26
b95e7121,7492,1186,0.16,6306,7232,-73.2,2.82,11.4,6.4,6.7,1,7,True,3.42
b977be4a,7495,1578,0.21,5917,7133,-68.9,18.58,54.2,23.1,24.7,1,11,True,18.58
ba48188d,5534,1368,0.25,4166,5276,127.8,33.53,105.0,16.7,17.7,1,12,True,50.94
bb2cdd83,5665,1840,0.32,3825,5061,130.9,2.99,12.6,14.6,14.4,1,5,True,3.02
bb337fa0,8216,1343,0.16,6873,7913,124.9,8.64,36.9,65.7,66.9,2,17,True,24.08
bb682ebd,5931,1792,0.3,4139,5382,104.1,9.49,36.0,25.7,28.8,1,12,True,19.87
bc4381e2,6885,1930,0.28,4955,6233,98.6,4.24,20.5,52.9,58.1,2,23,True,12.6
bcebcc5f,7889,1631,0.21,6258,7371,-50.6,8.09,37.7,47.8,48.5,1,11,True,24.24
bd2c2f34,11621,1798,0.15,9823,11194,131.1,5.61,24.7,61.1,63.0,2,16,True,5.66
bd4ae5da,6905,1899,0.28,5006,6253,87.4,5.67,22.3,63.1,67.1,2,94,True,14.05
bd6f0e19,6979,1839,0.26,5140,6456,-93.0,4.03,16.2,18.7,25.2,1,18,True,10.12
bd8f847e,6161,1200,0.19,4961,5872,-75.8,6.97,24.5,17.7,19.9,1,18,True,7.39
be063506,6539,2039,0.31,4500,6020,111.8,3.48,16.5,25.3,25.0,1,98,True,9.69
be35c8f2,5898,1672,0.28,4226,5394,111.9,4.59,17.4,31.5,37.6,1,15,True,4.67
be83e781,4776,1555,0.33,3221,4450,-46.6,2.7,15.6,44.9,52.1,1,17,True,3.15
beda8696,7868,1956,0.25,5912,7326,133.5,9.35,48.9,51.9,52.7,2,12,True,9.82
bf39bc20,5047,1744,0.35,3303,4529,-50.6,8.4,33.8,53.7,61.6,2,24,True,8.4
bf70b410,8000,1653,0.21,6347,7498,132.6,14.41,48.2,38.0,42.0,1,22,True,18.92
bffe3082,7186,1463,0.2,5723,6700,-69.4,13.33,37.8,30.6,31.1,1,9,True,16.6
c03b9305,6067,1812,0.3,4255,5334,130.6,6.24,22.1,47.4,51.6,1,15,True,7.12
c03d4aed,6375,1734,0.27,4641,5856,-75.9,8.47,28.7,16.0,18.4,1,8,True,12.58
c03fba65,5669,1970,0.35,3699,5019,176.4,9.68,35.1,44.7,51.1,1,10,True,22.74
c07fd0cd,6035,1844,0.31,4191,5513,-52.0,3.97,15.0,43.4,48.5,1,18,True,4.05
c1708b88,7960,1645,0.21,6315,7350,-55.5,10.76,38.0,62.3,64.1,2,18,True,18.3
c1d046f4,6917,1404,0.2,5513,6699,-89.9,6.42,21.4,1.3,1.5,1,2,True,7.7
c2717d4f,6682,1961,0.29,4721,6057,86.4,6.54,21.5,6.7,3.2,1,219,True,8.45
c2c4db09,7851,1812,0.23,6039,7459,-69.1,8.43,28.9,22.7,23.4,1,11,True,9.03
c2c6fc71,8840,1721,0.19,7119,8369,-45.2,6.74,24.2,36.8,38.3,1,116,True,11.77
c36625df,6386,1644,0.26,4742,5851,85.6,3.74,20.4,74.7,76.9,3,25,True,8.0
c3957531,7254,1938,0.27,5316,6645,110.8,12.43,45.6,3.8,3.8,1,4,True,12.52
c42fe306,7023,1928,0.27,5095,6525,131.0,9.52,30.7,55.5,59.5,1,13,True,11.28
c43812e2,7293,1766,0.24,5527,6699,106.5,5.78,21.4,61.5,62.1,2,15,True,7.02
c472c0b5,4867,1813,0.37,3054,4305,137.4,3.86,14.4,8.0,3.1,1,203,True,8.28
c47e0767,6099,1743,0.29,4356,5601,125.1,9.48,31.7,11.8,14.8,1,8,True,21.48
c50b42f6,7920,1906,0.24,6014,7279,-46.8,7.78,29.9,18.8,18.4,1,11,True,8.6
c593337f,7118,1910,0.27,5208,6685,111.1,17.74,48.3,31.3,30.9,1,25,True,23.82
c59b6c4a,7460,1961,0.26,5499,6838,134.3,10.12,40.9,14.8,14.9,1,6,True,20.95
c66be2b8,6207,2053,0.33,4154,5503,108.4,16.44,48.1,26.3,29.5,1,8,True,22.23
c6797dd7,6281,1617,0.26,4664,5544,-58.3,5.75,22.0,18.0,14.9,1,329,True,5.83
c6b782a4,6675,1798,0.27,4877,6060,132.8,7.17,25.2,27.4,27.3,1,208,True,12.81
c6c96179,5813,1809,0.31,4004,5220,-46.9,4.7,18.7,32.7,38.2,1,17,True,8.77
c70c0e01,6057,1745,0.29,4312,5581,-53.7,7.12,26.9,68.4,70.0,2,20,True,8.96
c84c65be,10243,1747,0.17,8496,9759,129.1,8.14,37.0,43.2,43.9,2,34,True,9.74
c8d9680c,7741,1460,0.19,6281,7432,110.2,17.33,63.6,35.5,38.6,1,10,True,42.77
c908edd0,6751,1458,0.22,5293,6449,89.7,8.43,31.8,4.8,4.8,1,3,True,8.77
c9578d27,6202,1715,0.28,4487,5814,130.9,9.84,35.6,50.0,57.4,1,13,True,10.31
c96c018a,7679,1443,0.19,6236,7240,-89.6,6.68,24.2,7.4,7.5,1,4,True,12.86
c99f9fae,8394,2033,0.24,6361,7696,-49.6,4.0,27.1,3.7,3.8,1,4,True,5.41
c9e6734f,6388,1653,0.26,4735,6083,-48.2,10.3,32.4,4.9,5.2,1,5,True,10.31
c9e980e8,6262,1903,0.3,4359,5621,-93.6,6.63,15.7,15.3,14.9,1,6,True,9.74
c9fedcf3,5210,1693,0.32,3517,4707,-87.8,3.12,15.4,5.7,6.1,1,12,True,7.47
cad13e8f,6866,2018,0.29,4848,6166,-44.1,4.5,24.5,4.2,4.8,1,3,True,17.02
cb34231f,7510,1901,0.25,5609,6863,-43.8,5.13,17.9,8.8,10.7,1,18,True,5.42
cb879f40,7904,1589,0.2,6315,7603,111.1,8.79,28.1,35.3,38.1,1,18,True,8.8
cbb406b5,8135,1807,0.22,6328,7518,88.6,7.46,30.9,48.8,51.1,1,12,True,11.36
cbe51de1,5362,1399,0.26,3963,5050,-84.9,9.47,30.1,6.7,4.6,1,4,True,15.02
cbe62450,7858,1600,0.2,6258,7523,109.5,10.92,40.5,32.6,38.0,1,10,True,18.61
cc08aa63,5018,1744,0.35,3274,4482,127.2,6.52,21.6,40.6,47.3,1,13,True,12.99
cc8a1d57,8321,1683,0.2,6638,7908,125.6,11.73,38.9,15.8,17.4,1,10,True,27.56
ccedb12b,6427,2026,0.32,4401,5867,125.2,8.57,35.8,42.6,45.6,1,19,True,10.61
cd7f1687,5981,1749,0.29,4232,5463,113.0,5.8,18.8,63.7,70.0,2,22,True,10.57
cda7eb37,7620,1647,0.22,5973,7178,126.4,9.41,31.9,15.2,17.4,1,5,True,10.04
cdc31d65,6608,1768,0.27,4840,6005,-48.7,6.29,27.0,44.6,44.9,1,266,True,7.48
cdc60a53,7631,1753,0.23,5878,7122,130.4,8.28,30.7,53.6,55.3,1,255,True,8.32
ce55ba43,5658,1554,0.27,4104,5404,120.6,7.28,25.7,63.5,64.1,2,15,True,14.3
ce8399b7,3548,1933,0.54,1615,2935,-47.7,2.03,8.1,5.9,3.7,1,13,True,3.36
cf50c9d1,6634,1776,0.27,4858,6073,132.6,10.3,44.4,17.1,16.1,1,253,True,31.57
d00e7eb9,7321,1617,0.22,5704,6779,-49.2,4.31,16.6,46.9,48.7,2,25,True,7.91
d011f41b,3906,1639,0.42,2267,3556,-46.9,7.05,21.9,4.5,4.5,1,5,True,10.86
d07aed8f,4709,1752,0.37,2957,4199,-69.1,2.57,9.6,29.5,33.0,1,171,True,5.4
d085e611,7852,1661,0.21,6191,7369,-70.0,9.96,36.4,47.1,48.1,1,22,True,10.08
d0a0e7b5,5423,1607,0.3,3816,5139,93.3,5.23,18.0,13.3,13.9,1,10,True,11.68
d0a43760,5502,1461,0.27,4041,5256,-47.0,3.68,10.9,1.5,1.3,1,7,True,4.25
d0cb63ae,6859,1636,0.24,5223,6272,134.2,12.15,42.2,33.2,36.4,1,10,True,19.94
d114d9c2,7543,1337,0.18,6206,7302,132.0,5.79,23.8,44.3,46.7,1,13,True,7.7
d1457cc5,8443,1523,0.18,6920,7768,132.1,8.06,26.3,29.5,28.8,1,12,True,8.12
d1ecf309,7864,1696,0.22,6168,7196,88.3,8.3,26.4,48.1,53.6,2,25,True,9.38
d1ee630d,7879,1589,0.2,6290,7429,-69.5,4.74,19.2,40.6,42.7,1,11,True,12.22
d217e0c5,5713,1875,0.33,3838,5245,-68.7,4.57,17.9,13.1,13.2,1,9,True,5.2
d24ff243,7116,1475,0.21,5641,6754,-47.5,3.57,16.0,23.9,26.4,1,14,True,3.58
d273674e,5738,1839,0.32,3899,5100,112.5,3.29,18.7,19.8,20.7,1,12,True,3.4
d2f3b1ab,7018,1437,0.2,5581,6734,-48.1,14.47,47.8,22.1,23.9,1,9,True,17.36
d3df146b,7252,1465,0.2,5787,6779,-89.9,6.33,27.6,27.8,29.4,1,9,True,11.7
d40f61d5,5880,1841,0.31,4039,5345,-47.1,4.42,17.3,15.5,15.4,1,9,True,4.55
d41beaf2,6592,1839,0.28,4753,6086,132.7,8.57,32.7,26.9,28.5,1,165,True,16.34
d463e527,6991,2224,0.32,4767,6259,89.2,8.02,31.6,5.1,5.7,1,7,True,8.59
d4f60a28,6435,1934,0.3,4501,5754,-52.5,5.42,18.8,36.0,37.3,1,157,True,6.18
d50c649a,6548,1675,0.26,4873,6123,110.8,4.55,18.5,30.0,33.2,1,7,True,6.82
d543916f,6281,1482,0.24,4799,5925,-75.3,7.86,27.7,48.8,52.2,1,9,True,10.2
d5df0ff5,5490,1458,0.27,4032,5303,117.1,5.63,24.8,2.9,3.5,1,4,True,16.35
d60430e6,4176,1665,0.4,2511,3748,105.4,5.36,19.4,33.7,40.5,1,15,True,7.85
d63196fe,5881,1371,0.23,4510,5568,123.8,8.11,32.6,16.3,18.1,1,11,True,19.53
d6c320d9,6946,1494,0.22,5452,6603,-47.4,5.09,19.9,3.6,3.7,1,3,True,11.21
d6dd7330,7660,1467,0.19,6193,7346,110.6,8.74,37.0,6.3,6.8,1,12,True,11.82
d7ba4f9d,7771,1748,0.22,6023,7302,-54.5,3.46,15.2,31.3,32.7,1,67,True,5.1
d7eb0be8,7208,1807,0.25,5401,6775,137.6,17.68,56.3,4.7,4.8,1,4,True,32.83
d84b621b,5746,1752,0.3,3994,5213,130.9,5.11,27.1,27.0,32.1,1,15,True,21.82
d90aa14c,12141,2123,0.17,10018,11565,130.7,9.89,48.8,40.3,38.6,1,24,True,11.99
d924e971,5308,2124,0.4,3184,4644,109.6,20.19,68.8,10.8,6.5,1,229,True,32.77
d9ae59b2,5150,1502,0.29,3648,4676,-51.1,3.07,13.4,42.1,43.1,1,12,True,5.05
d9d6d94d,6660,1741,0.26,4919,6122,119.2,9.39,32.5,16.6,16.2,1,7,True,9.39
d9eca87b,7932,1559,0.2,6373,7436,133.1,16.26,83.0,56.6,58.7,2,18,True,26.44
da2d4d7c,3567,1453,0.41,2114,3317,-64.5,3.32,12.0,24.6,32.0,1,10,True,3.58
da3bfe4e,7107,1558,0.22,5549,6803,-44.9,13.37,48.0,53.9,58.5,2,23,True,30.21
da3cf798,7591,1747,0.23,5844,7049,130.4,5.47,25.6,49.3,51.7,1,22,True,16.91
da940160,6792,1660,0.24,5132,6239,88.5,5.34,19.9,33.9,37.6,1,9,True,11.22
dafc88c3,7187,1615,0.22,5572,6942,-47.8,4.57,20.7,4.8,5.0,1,6,True,6.88
dbee6c86,9114,1745,0.19,7369,8621,113.4,3.9,18.6,5.1,5.1,1,8,True,4.4
dc5fbe29,6555,1352,0.21,5203,6108,-54.6,6.66,28.9,33.4,36.9,1,13,True,7.92
dc7da28f,6672,1898,0.28,4774,6071,-44.5,8.2,26.4,7.4,6.1,1,7,True,10.22
dc7f9757,6203,1843,0.3,4360,5636,88.2,5.93,18.5,53.7,60.0,2,23,True,9.81
dd168de0,5095,1791,0.35,3304,4681,140.3,2.97,14.8,6.8,8.5,1,109,True,2.99
dd64382d,5058,1934,0.38,3124,4498,130.8,3.25,15.6,57.9,62.6,2,27,True,4.26
dd6bc5b2,5764,2162,0.38,3602,4962,-52.9,8.26,25.1,9.3,11.9,1,6,True,11.78
dd7d638e,6046,1745,0.29,4301,5463,131.2,5.96,22.7,33.6,37.2,1,13,True,6.02
ddc790ff,6468,1742,0.27,4726,5941,89.1,4.05,15.2,41.5,41.3,1,15,True,5.72
df71d1ff,7879,1651,0.21,6228,7432,-48.9,11.02,38.4,53.3,57.2,2,14,True,12.74
df73b8f3,7150,1839,0.26,5311,6624,-54.9,12.59,45.5,63.0,65.6,2,19,True,15.62
df8290be,5675,1703,0.3,3972,5225,130.8,11.18,38.7,59.9,63.8,2,14,True,13.01
e0079ed1,5257,1786,0.34,3471,4807,-49.1,4.73,21.0,28.5,32.0,1,14,True,8.07
e03b45fd,7083,1741,0.25,5342,6587,118.1,15.25,75.8,38.9,44.6,1,56,True,15.75
e0f36d98,6714,1738,0.26,4976,6335,-75.0,8.92,29.2,45.9,49.4,1,20,True,14.25
e149204f,7549,1452,0.19,6097,7247,-49.3,4.53,16.8,56.2,60.0,2,263,True,4.55
e14d641e,4978,1794,0.36,3184,4488,130.7,6.06,19.6,62.2,65.6,2,18,True,6.82
e161bd0c,4813,1864,0.39,2949,4073,-45.9,4.27,18.3,46.4,54.0,1,79,True,4.33
e201fd6d,6912,1842,0.27,5070,6348,127.6,13.43,40.5,28.3,27.6,1,23,True,16.37
e25f1537,5018,1841,0.37,3177,4450,131.0,12.4,30.7,23.7,24.4,1,7,True,13.01
e2fc7745,5343,1651,0.31,3692,4753,101.5,9.21,34.7,7.3,6.3,1,5,True,13.34
e32da4ec,6148,1459,0.24,4689,5931,90.6,8.09,32.8,31.9,34.3,1,12,True,10.85
e3b34f5b,7293,1838,0.25,5455,6821,-48.7,8.87,30.2,28.7,27.3,1,8,True,10.35
e45a2a62,6697,1690,0.25,5007,6302,130.6,14.17,48.0,61.0,64.3,2,14,True,19.87
e46f4ef4,8930,1735,0.19,7195,8383,-68.1,4.91,22.1,38.2,38.8,1,15,True,4.93
e4726608,6268,1535,0.24,4733,5896,90.9,4.65,23.6,32.1,35.5,1,11,True,6.27
e5864244,6037,1568,0.26,4469,5569,-52.6,9.29,53.0,33.3,36.3,1,60,True,26.81
e5c92e59,5927,1632,0.28,4295,5545,131.3,6.14,27.0,35.4,38.6,1,12,True,7.71
e5ff9fd2,4198,1844,0.44,2354,3612,97.2,5.25,16.5,51.2,59.5,1,13,True,8.89
e6c55748,5959,1487,0.25,4472,5488,-47.6,9.34,30.0,11.5,13.4,1,5,True,9.4
e730c32b,6469,1741,0.27,4728,5907,87.7,5.25,20.0,58.1,63.0,2,25,True,11.65
e737965a,7694,1739,0.23,5955,7303,131.4,9.83,30.4,59.9,62.3,2,12,True,9.9
e748dd88,6264,1452,0.23,4812,5867,-64.6,4.94,19.4,3.4,3.4,1,4,True,4.99
e7818f7a,6829,1458,0.21,5371,6357,-47.5,4.28,24.4,24.2,28.5,1,8,True,6.31
e7c36e81,5655,2124,0.38,3531,5054,130.7,5.96,21.6,54.1,63.7,2,22,True,7.35
e7d0c1de,6455,1744,0.27,4711,5960,-96.4,3.88,17.1,3.7,3.7,1,3,True,6.86
e85074c5,7236,1561,0.22,5675,6755,-43.8,4.29,17.0,44.2,44.4,1,9,True,11.35
e97032ad,5654,2124,0.38,3530,5042,131.7,4.02,16.4,48.4,54.6,2,22,True,11.96
e9949a23,6407,1848,0.29,4559,5817,131.4,10.97,48.7,37.4,40.9,1,13,True,11.58
ea0b99b7,10939,1700,0.16,9239,10413,-68.5,6.27,27.6,51.2,51.1,1,19,True,12.16
ea3a0e38,11794,1742,0.15,10052,11232,-49.9,8.5,33.5,54.2,56.9,1,19,True,9.23
ea41324e,6839,1814,0.27,5025,6422,-90.9,5.13,20.5,31.2,34.3,1,15,True,5.29
eabc711b,7314,1966,0.27,5348,6685,110.2,10.96,37.1,41.1,43.3,1,20,True,11.7
eac10e86,7501,1434,0.19,6067,7205,-45.8,3.27,17.6,24.2,26.9,1,18,True,5.62
eafb863e,5317,1749,0.33,3568,4823,129.5,6.53,36.4,31.5,33.5,1,159,True,13.46
eb06a4e7,6379,1844,0.29,4535,5825,84.5,9.53,30.5,3.6,3.4,1,2,True,9.67
eb640a35,7782,1745,0.22,6037,7306,-69.4,9.62,31.0,47.6,50.4,1,17,True,9.97
eb934281,7812,1841,0.24,5971,7332,91.1,2.67,10.1,15.7,17.3,1,8,True,3.14
eba6605e,5719,1309,0.23,4410,5302,38.0,9.05,26.6,20.8,22.6,1,7,True,15.63
ebe69318,6718,1742,0.26,4976,6129,-47.8,4.82,18.2,20.9,23.5,1,19,True,4.83
ec0d597b,6452,1836,0.28,4616,5875,-44.7,12.73,44.3,7.2,6.7,1,5,True,16.44
ec13af42,7362,1900,0.26,5462,6752,-49.0,8.79,29.6,51.6,55.1,2,216,True,10.91
ecdab904,8176,2029,0.25,6147,7483,92.6,7.65,30.4,6.9,7.0,1,5,True,16.92
ecdaf714,8240,1648,0.2,6592,7735,132.3,10.04,31.9,4.4,4.3,1,3,True,15.35
ed6436d6,5027,2082,0.41,2945,4397,110.6,1.09,5.3,3.6,3.4,1,3,True,1.62
ed6e6e54,7385,1337,0.18,6048,7230,110.7,10.54,43.1,7.6,8.3,1,7,True,11.95
edf885a3,4863,1746,0.36,3117,4357,134.4,8.52,24.9,10.5,12.1,1,45,True,12.29
ee0300f7,6161,1617,0.26,4544,5666,-69.2,7.43,36.6,30.5,36.9,1,9,True,25.68
ee288beb,6190,1552,0.25,4638,5680,-73.1,19.78,59.8,30.1,32.6,1,17,True,27.52
ee4aecac,6596,1331,0.2,5265,6369,-52.9,3.86,20.4,16.7,17.8,1,15,True,10.78
eeda36f5,6198,1401,0.23,4797,5876,-75.9,3.25,13.2,4.1,3.7,1,4,True,5.47
eeed308d,5503,1604,0.29,3899,5022,-47.5,8.79,22.4,53.7,56.5,1,220,True,9.69
ef04658e,5664,1560,0.28,4104,5223,124.7,7.85,29.2,14.8,17.0,1,10,True,15.45
ef8e3ed0,6637,1413,0.21,5224,6451,91.0,8.7,32.9,47.1,49.7,1,14,True,14.64
efde6ac3,6220,1661,0.27,4559,5738,-70.1,7.01,26.7,41.4,40.7,1,18,True,10.2
efe96181,5464,1452,0.27,4012,4883,-47.3,5.28,30.4,18.3,17.2,1,7,True,27.54
f0188a48,6139,1969,0.32,4170,5494,-53.2,5.88,27.9,4.9,1.3,1,227,True,6.02
f021b650,5610,1871,0.33,3739,5019,110.8,3.6,12.4,35.4,39.4,1,16,True,6.68
f03f10fe,5823,1678,0.29,4145,5410,-47.7,6.6,24.8,20.7,22.9,1,6,True,9.38
f053a1b9,5952,1844,0.31,4108,5425,110.2,4.73,21.5,19.9,23.4,1,11,True,10.03
f074d277,3868,1415,0.37,2453,3549,133.0,6.57,24.0,22.6,27.4,1,31,True,12.19
f07d7037,7688,2125,0.28,5563,7097,91.1,3.69,16.4,4.1,4.3,1,3,True,7.5
f08774c3,5645,1745,0.31,3900,5052,148.7,11.41,36.7,7.5,7.6,1,4,True,11.45
f140c2fa,6024,1942,0.32,4082,5434,135.5,6.47,22.7,21.5,21.4,1,21,True,13.32
f16e25e3,6585,1934,0.29,4651,6029,94.8,2.9,11.9,40.1,44.4,1,17,True,2.96
f2d4c8c9,7908,1659,0.21,6249,7507,132.1,3.42,15.4,51.9,56.2,2,18,True,4.23
f321a31c,6555,1414,0.22,5141,6313,-54.0,10.86,35.2,3.9,3.9,1,3,True,12.56
f40cd091,6776,1610,0.24,5166,6432,113.4,7.54,26.4,63.9,66.2,2,27,True,7.73
f439a621,4695,1874,0.4,2821,4256,130.2,6.11,23.6,43.5,49.8,1,17,True,6.66
f49fdea3,7027,1636,0.23,5391,6520,134.6,3.55,17.2,5.5,5.6,1,4,True,12.41
f4d12d23,5448,1747,0.32,3701,4897,129.9,6.45,24.6,24.6,28.8,1,11,True,16.06
f56d3ace,7383,1951,0.26,5432,6775,-91.6,4.34,17.9,38.1,39.6,1,13,True,6.9
f5859199,7438,1648,0.22,5790,6904,111.0,6.78,26.9,62.8,67.2,2,25,True,15.92
f5d8aab6,6576,2132,0.32,4444,5909,103.2,5.81,24.1,12.1,15.9,1,11,True,15.7
f631da6e,5604,1511,0.27,4093,5339,131.0,5.82,20.4,53.5,56.7,1,14,True,8.78
f6824bb0,6864,1849,0.27,5015,6233,130.9,10.91,37.4,14.0,15.2,1,6,True,20.84
f6bc699b,5501,1749,0.32,3752,4959,-49.5,8.17,29.1,32.2,33.8,1,18,True,10.62
f6d009f4,8003,1288,0.16,6715,7438,120.2,24.3,84.5,29.0,32.3,1,16,True,47.04
f72b268f,7918,1514,0.19,6404,7445,-91.6,8.96,32.8,6.0,4.7,1,105,True,12.94
f8662c22,6957,1528,0.22,5429,6658,-53.1,7.24,26.9,47.4,50.7,1,11,True,15.63
f88ddb26,6585,1595,0.24,4990,6110,-90.2,21.91,78.6,3.9,3.7,1,2,True,51.4
f8afa78a,7367,1335,0.18,6032,7063,-47.8,5.61,25.7,47.2,49.2,2,10,True,14.72
f8f59188,6740,1933,0.29,4807,6148,88.6,4.99,17.8,61.6,64.3,2,16,True,6.92
f9fc81aa,7113,1515,0.21,5598,6777,-48.1,8.64,31.1,6.0,6.6,1,8,True,8.64
fa16d114,6928,1242,0.18,5686,6819,-45.6,12.89,41.0,50.1,51.2,2,19,True,20.82
fa31da94,6681,1654,0.25,5027,6088,-51.7,4.81,17.4,63.7,69.5,2,19,True,5.19
fa667be2,8798,1502,0.17,7296,8596,111.2,5.22,23.5,13.2,12.5,1,13,True,8.8
fae0c593,6147,1744,0.28,4403,5595,108.1,10.94,31.8,3.2,3.2,1,3,True,10.97
fb03ae90,8129,1698,0.21,6431,7558,75.8,11.0,50.8,15.6,16.9,1,12,True,42.89
fb0904bd,5087,1906,0.37,3181,4544,130.8,1.26,5.1,50.6,54.2,2,19,True,1.8
fb3848a1,7859,1940,0.25,5919,7285,130.6,5.95,22.4,57.0,60.6,1,12,True,9.96
fb73b13a,7465,1825,0.24,5640,6971,120.0,9.07,31.0,35.0,40.2,1,12,True,9.98
fba7683c,2058,1651,0.8,407,1529,108.3,2.27,9.9,2.0,1.7,1,1,True,2.56
fbd68d27,8552,1723,0.2,6829,8149,-48.3,9.16,38.9,22.1,25.3,1,13,True,22.1
fc03f21f,6202,1399,0.23,4803,5625,111.5,7.96,27.9,7.1,7.3,1,10,True,12.91
fc0d20b2,5308,1354,0.26,3954,5121,130.8,9.17,23.7,44.2,47.8,2,19,True,11.93
fcfcc902,4665,1874,0.4,2791,3996,-65.3,2.95,17.6,4.0,4.7,1,9,True,8.81
fd3b4faa,6956,1934,0.28,5022,6389,88.9,6.65,22.2,55.2,55.0,1,13,True,7.45
fd710aea,5960,1743,0.29,4217,5475,118.1,4.74,15.9,22.2,25.8,1,11,True,7.2
fd8f77fa,6756,1484,0.22,5272,6159,-92.3,10.66,41.8,47.3,50.6,1,21,True,27.42
fde20ecf,6386,1719,0.27,4667,5743,-91.0,6.81,24.3,27.1,29.9,1,9,True,16.32
fdfd57da,7364,2128,0.29,5236,6678,-89.3,3.6,15.3,49.0,55.4,1,19,True,4.3
febb4411,6275,2028,0.32,4247,5641,-52.5,7.15,31.8,3.2,3.5,1,2,True,13.03
fef8af96,5068,1242,0.25,3826,4821,-50.2,24.43,88.8,32.7,34.9,1,8,True,44.55
ff0aea78,4976,1715,0.34,3261,4605,91.1,11.08,39.4,35.2,45.6,2,20,True,30.7
ff8bb73a,7670,1743,0.23,5927,7144,130.9,9.21,43.8,4.9,5.2,1,6,True,9.86
ffefef30,6421,1851,0.29,4570,5930,-75.5,6.46,21.7,29.1,28.7,1,15,True,7.04
